{
  "project_info": {
    "project_number": "446429839629",
    "project_id": "findme-5fe9e",
    "storage_bucket": "findme-5fe9e.appspot.com"
  },
  "client": [
    {
      "client_info": {
        "mobilesdk_app_id": "1:446429839629:android:a5f2e6057089fb10213044",
        "android_client_info": {
          "package_name": "com.jgb.findme"
        }
      },
      "oauth_client": [
        {
          "client_id": "446429839629-sb060581g8p257v6k8vfrra4v3umi1ae.apps.googleusercontent.com",
          "client_type": 3
        }
      ],
      "api_key": [
        {
          "current_key": "AIzaSyA5ohB8Q5Xo0eOxbsvvcEVh_DwWI6j9VDc"
        }
      ],
      "services": {
        "appinvite_service": {
          "other_platform_oauth_client": [
            {
              "client_id": "446429839629-sb060581g8p257v6k8vfrra4v3umi1ae.apps.googleusercontent.com",
              "client_type": 3
            }
          ]
        }
      }
    }
  ],
  "configuration_version": "1"
}